section,label,start,end,date
Pick-Up,Pick-Up Window,2026-07-21,2026-08-23,
Pick-Up,Pick-Up Batch,,,2026-08-25
HALL Shipping,Primary Colors Customization,2026-07-20,2026-08-14,
HALL Shipping,Primary Colors Batch,,,2026-08-17
HALL Shipping,Collection Customization,2026-07-22,2026-08-17,
HALL Shipping,Collection Batch,,,2026-08-19
Other Brands,WALT / BACA / Michel Foch Customization,2026-07-27,2026-08-21,
Other Brands,WALT / BACA / Michel Foch Batch,,,2026-08-25
On-Hold Deadline,On Hold End Date,,,2026-09-15
